Name,GridX,GridY,GridZ,BlockX,BlockY,BlockZ,Time
concat,176,176,1,32,1,1,3.732576
conv2d,88,88,1,8,8,1,18.532513
conv2d,88,88,1,8,8,1,18.754911
mean_pooling,44,44,44,4,4,4,132.6592
mean_pooling,44,44,44,4,4,4,11.506016
conv2d,88,88,1,8,8,1,374.58945
conv2d,88,88,1,8,8,1,499.68924
dot_product,176,176,1,32,1,1,7.923712
