From,To,Bandwidth
-1,0,12.977390608859
0,0,124.457376081237
