From,To,Bandwidth
-1,0,13.121288727496
0,0,124.335553731375
