From,To,Bandwidth
-1,0,10.4858378245776
0,0,384.776400296643
0,1,24.2341241636201
-1,1,11.2428669578257
1,0,24.2359292628249
1,1,356.955219107347
