From,To,Bandwidth
-1,0,12.9823953147288
0,0,124.358320541267
