From,To,Bandwidth
-1,0,13.0713100631119
0,0,124.401875745476
