From,To,Bandwidth
-1,0,13.0747773611785
0,0,124.37315729412
