From,To,Bandwidth
-1,0,13.097750177899
0,0,124.308837485
