From,To,Bandwidth
-1,0,2.97951033620332
0,0,42.4420524314629
0,1,3.38029955673051
-1,1,2.97622562611339
1,0,2.97647273804645
1,1,40.9767255769223
