From,To,Bandwidth
-1,0,13.0026732367672
0,0,124.509922777169
