From,To,Bandwidth
-1,0,12.893095295343
0,0,124.464300874497
